Text,Senti,,,,,,,
I have to install it each time to see my messages.,neutral,,,,,,,
"Twitter is the tool, if you Want to be keept opdated about what is happening in the world.",neutral,,,,,,,
Sometime im encounter some bugs and is kinda annoy bcuz it take a long time get back to normal,negative,,,,,,,
They have sooo much cool music and I can always create my own playlists.,positive,,,,,,,
I've been playing since the third season.,neutral,,,,,,,
It's not a smooth app to use and consumes too much battery power.,negative,,,,,,,
Twitter provides valuable service to the underdogs of America.,neutral,,,,,,,
It s a great app and all but there s so many bugs and the one that bothers me the most is when a artist I like released an album and I click on the playlist it doesn t load or even show any of the songs l have to search up songs individually instead of all of them being in one place,negative,,,,,,,
Zoom has enabled the Teaching of the Word of God possible in this time.,neutral,,,,,,,
No matter what my mood I can always find exactly the right music ÃÂÃÂÃÂÃÂÃÂÃÂÃÂÃÂÃÂÃÂÃÂÃÂÃÂÃÂÃÂÃÂÃÂÃÂÃÂÃÂÃÂÃÂÃÂÃÂÃÂÃÂÃÂÃÂÃÂÃÂÃÂÃÂ°ÃÂÃÂÃÂÃÂÃÂÃÂÃÂÃÂÃÂÃÂÃÂÃÂÃÂÃÂÃÂÃÂÃÂÃÂÃÂÃÂÃÂÃÂÃÂÃÂÃÂÃÂÃÂÃÂÃÂÃÂÃÂÃÂÃÂÃÂÃÂÃÂÃÂÃÂÃÂÃÂÃÂÃÂÃÂÃÂÃÂÃÂÃÂÃÂÃÂÃÂÃÂÃÂÃÂÃÂÃÂÃÂÃÂÃÂÃÂÃÂÃÂÃÂÃÂÃÂÃÂÃÂÃÂÃÂÃÂÃÂÃÂÃÂÃÂÃÂÃÂÃÂÃÂÃÂÃÂÃÂÃÂÃÂÃÂÃÂÃÂÃÂÃÂÃÂÃÂÃÂÃÂÃÂÃÂÃÂÃÂÃÂ»,neutral,,,,,,,
Do not trust the top 1 Meteo france etc..,negative,,,,,,,
My messenger does not come up at all now! I use to use this quit often now I can t use it at all because it keeps crashing! Wish I could give zero stars!,negative,,,,,,,
"No respond from them yet on that they are doing anything about it, only silence...",neutral,,,,,,,
Not everybody is an expert IT.,neutral,,,,,,,
Those who use this program all lack of morals and intelligence.,negative,,,,,,,
"ÃÂÃÂÃÂÃÂÃÂÃÂÃÂÃÂÃÂÃÂÃÂÃÂÃÂÃÂÃÂÃÂÃÂÃÂÃÂÃÂÃÂÃÂÃÂÃÂÃÂÃÂÃÂÃÂÃÂÃÂÃÂÃÂÃÂÃÂÃÂÃÂÃÂÃÂÃÂÃÂÃÂÃÂÃÂÃÂÃÂÃÂÃÂÃÂÃÂÃÂÃÂÃÂÃÂÃÂÃÂÃÂÃÂÃÂÃÂÃÂÃÂÃÂÃÂÃÂ°st for me a cool game, but takes up a lot of space",neutral,,,,,,,
"Please remove the writing options,some people may disturb the presentation intentionally or unintentionally.",negative,,,,,,,
when I want to share videos to my friends.,neutral,,,,,,,
"I would love it to have more   PRO ÃÂÃÂÃÂÃÂ features in the web style and new design, plus the dark mode!",positive,,,,,,,
Missing the option to add races to more than one calendar,negative,,,,,,,
Run by a bunch of idiots that work for the government,negative,,,,,,,
"It stays labeled in the stories and repeats the same always, it always works badly and more when updated regularly.",negative,,,,,,,
Bpnday after several attempts I can't resume the application is this normal?,neutral,,,,,,,
"Hello, sorry for this bad note but your app allowed an ill-attentive person to create a second number to communicate with me the time of the transaction and then blocked me...",negative,,,,,,,
We have to guess who's online,neutral,,,,,,,
They ask him where you've been until today ÃÂÃÂÃÂÃÂÃÂÃÂÃÂÃÂÃÂÃÂÃÂÃÂÃÂÃÂÃÂÃÂÃÂÃÂÃÂÃÂÃÂÃÂÃÂÃÂÃÂÃÂÃÂÃÂÃÂÃÂÃÂÃÂ°ÃÂÃÂÃÂÃÂÃÂÃÂÃÂÃÂÃÂÃÂÃÂÃÂÃÂÃÂÃÂÃÂÃÂÃÂÃÂÃÂÃÂÃÂÃÂÃÂÃÂÃÂÃÂÃÂÃÂÃÂÃÂÃÂÃÂÃÂÃÂÃÂÃÂÃÂÃÂÃÂÃÂÃÂÃÂÃÂÃÂÃÂÃÂÃÂÃÂÃÂÃÂÃÂÃÂÃÂÃÂÃÂÃÂÃÂÃÂÃÂÃÂÃÂÃÂÃÂÃÂÃÂÃÂÃÂÃÂÃÂÃÂÃÂÃÂÃÂÃÂÃÂÃÂÃÂÃÂÃÂÃÂÃÂÃÂÃÂÃÂÃÂÃÂÃÂÃÂÃÂÃÂÃÂÃÂÃÂÃÂÃÂ,neutral,,,,,,,
"First of all it s not only one or two ads every few songs, it s three of the exact same ads after one song!ÃÂÃÂÃÂÃÂÃÂÃÂÃÂÃÂÃÂÃÂÃÂÃÂÃÂÃÂÃÂÃÂÃÂÃÂÃÂÃÂÃÂÃÂÃÂÃÂÃÂÃÂÃÂÃÂÃÂÃÂÃÂÃÂ°ÃÂÃÂÃÂÃÂÃÂÃÂÃÂÃÂÃÂÃÂÃÂÃÂÃÂÃÂÃÂÃÂÃÂÃÂÃÂÃÂÃÂÃÂÃÂÃÂÃÂÃÂÃÂÃÂÃÂÃÂÃÂÃÂÃÂÃÂÃÂÃÂÃÂÃÂÃÂÃÂÃÂÃÂÃÂÃÂÃÂÃÂÃÂÃÂÃÂÃÂÃÂÃÂÃÂÃÂÃÂÃÂÃÂÃÂÃÂÃÂÃÂÃÂÃÂÃÂÃÂÃÂÃÂÃÂÃÂÃÂÃÂÃÂÃÂÃÂÃÂÃÂÃÂÃÂÃÂÃÂÃÂÃÂÃÂÃÂÃÂÃÂÃÂÃÂÃÂÃÂÃÂÃÂÃÂÃÂÃÂÃÂ¡ÃÂÃÂÃÂÃÂÃÂÃÂÃÂÃÂÃÂÃÂÃÂÃÂÃÂÃÂÃÂÃÂÃÂÃÂÃÂÃÂÃÂÃÂÃÂÃÂÃÂÃÂÃÂÃÂÃÂÃÂÃÂÃÂ°ÃÂÃÂÃÂÃÂÃÂÃÂÃÂÃÂÃÂÃÂÃÂÃÂÃÂÃÂÃÂÃÂÃÂÃÂÃÂÃÂÃÂÃÂÃÂÃÂÃÂÃÂÃÂÃÂÃÂÃÂÃÂÃÂÃÂÃÂÃÂÃÂÃÂÃÂÃÂÃÂÃÂÃÂÃÂÃÂÃÂÃÂÃÂÃÂÃÂÃÂÃÂÃÂÃÂÃÂÃÂÃÂÃÂÃÂÃÂÃÂÃÂÃÂÃÂÃÂÃÂÃÂÃÂÃÂÃÂÃÂÃÂÃÂÃÂÃÂÃÂÃÂÃÂÃÂÃÂÃÂÃÂÃÂÃÂÃÂÃÂÃÂÃÂÃÂÃÂÃÂÃÂÃÂÃÂÃÂÃÂÃÂ¡ÃÂÃÂÃÂÃÂÃÂÃÂÃÂÃÂÃÂÃÂÃÂÃÂÃÂÃÂÃÂÃÂÃÂÃÂÃÂÃÂÃÂÃÂÃÂÃÂÃÂÃÂÃÂÃÂÃÂÃÂÃÂÃÂ°ÃÂÃÂÃÂÃÂÃÂÃÂÃÂÃÂÃÂÃÂÃÂÃÂÃÂÃÂÃÂÃÂÃÂÃÂÃÂÃÂÃÂÃÂÃÂÃÂÃÂÃÂÃÂÃÂÃÂÃÂÃÂÃÂÃÂÃÂÃÂÃÂÃÂÃÂÃÂÃÂÃÂÃÂÃÂÃÂÃÂÃÂÃÂÃÂÃÂÃÂÃÂÃÂÃÂÃÂÃÂÃÂÃÂÃÂÃÂÃÂÃÂÃÂÃÂÃÂÃÂÃÂÃÂÃÂÃÂÃÂÃÂÃÂÃÂÃÂÃÂÃÂÃÂÃÂÃÂÃÂÃÂÃÂÃÂÃÂÃÂÃÂÃÂÃÂÃÂÃÂÃÂÃÂÃÂÃÂÃÂÃÂ¡ this is SOOOOOO NOT COOL!!! They re not even advertising other companies most of the time! They re just pressuring me to go premium! Are they TRYING to annoy me to death?",negative,,,,,,,
Facebook is sus af in general (read their tos and privacy policy) :/ but the app keeps enabling its own permissions somehow?,neutral,,,,,,,
"So far so good a little annoying when youre driving and it switches stations to something youd never play, mid song.",negative,,,,,,,
and why do I need to know my friends home addresses?,neutral,,,,,,,
I hope that it be interested,positive,,,,,,,
what is your pet name?,neutral,,,,,,,
"AÃÂÃÂÃÂÃÂÃÂÃÂÃÂÃÂÃÂÃÂÃÂÃÂÃÂÃÂÃÂÃÂÃÂÃÂÃÂÃÂÃÂÃÂÃÂÃÂÃÂÃÂÃÂÃÂÃÂÃÂÃÂÃÂ°ÃÂÃÂÃÂÃÂÃÂÃÂÃÂÃÂÃÂÃÂÃÂÃÂÃÂÃÂÃÂÃÂÃÂÃÂÃÂÃÂÃÂÃÂÃÂÃÂÃÂÃÂÃÂÃÂÃÂÃÂÃÂÃÂÃÂÃÂÃÂÃÂÃÂÃÂÃÂÃÂÃÂÃÂÃÂÃÂÃÂÃÂÃÂÃÂÃÂÃÂÃÂÃÂÃÂÃÂÃÂÃÂÃÂÃÂÃÂÃÂÃÂÃÂÃÂÃÂÃÂÃÂÃÂÃÂÃÂÃÂÃÂÃÂÃÂÃÂÃÂÃÂÃÂÃÂÃÂÃÂÃÂÃÂÃÂÃÂÃÂÃÂÃÂÃÂÃÂÃÂÃÂÃÂÃÂÃÂÃÂÃÂÃÂÃÂÃÂÃÂÃÂÃÂÃÂÃÂÃÂÃÂÃÂÃÂÃÂÃÂÃÂÃÂÃÂÃÂÃÂÃÂÃÂÃÂÃÂÃÂÃÂÃÂÃÂÃÂÃÂÃÂÃÂÃÂ°ÃÂÃÂÃÂÃÂÃÂÃÂÃÂÃÂÃÂÃÂÃÂÃÂÃÂÃÂÃÂÃÂÃÂÃÂÃÂÃÂÃÂÃÂÃÂÃÂÃÂÃÂÃÂÃÂÃÂÃÂÃÂÃÂÃÂÃÂÃÂÃÂÃÂÃÂÃÂÃÂÃÂÃÂÃÂÃÂÃÂÃÂÃÂÃÂÃÂÃÂÃÂÃÂÃÂÃÂÃÂÃÂÃÂÃÂÃÂÃÂÃÂÃÂÃÂÃÂÃÂÃÂÃÂÃÂÃÂÃÂÃÂÃÂÃÂÃÂÃÂÃÂÃÂÃÂÃÂÃÂÃÂÃÂÃÂÃÂÃÂÃÂÃÂÃÂÃÂÃÂÃÂÃÂÃÂÃÂÃÂÃÂ¼: Mostly are modern music, like singing pop music, they are same.",neutral,,,,,,,
I love Twitter and use it almost daily to engage with friends and get inspired.,positive,,,,,,,
I use Spotify daily for music and my preferred podcast app.,positive,,,,,,,
"
I personnally as a single contractant didn t need the upgraded features but am sending them the 8$/mo.",neutral,,,,,,,
In ojmJy I Rob dffghuhjuuiooopppoyv cdvcfzccrhop ppybj xz I,neutral,,,,,,,
play a game,neutral,,,,,,,
Accidentally added messenger user in group chats can still read the previous convos even if they've been kicked out immediately.,negative,,,,,,,
Be Near the All away from.,neutral,,,,,,,
But the input quality is not near the level I would expect ...,neutral,,,,,,,
The operation as an app as well as a desktop version is great and intuitive.,positive,,,,,,,
The secret conversations don't work for me.,negative,,,,,,,
Great game with lots of playing options.......,positive,,,,,,,
I recommend it quite a lot!,neutral,,,,,,,
BUT I never MEET a real lady.,neutral,,,,,,,
I proud of about this app..,positive,,,,,,,
"The only real recent change has been removal/downgrade of features, such as   temporarily ÃÂÃÂÃÂÃÂ unavailable polls, games - they re gone - and emoji reacts which have been swapped for weird, toothless, ugly ones straight out the uncanny valley.",neutral,,,,,,,
"I love it, I can listen to music without any other thing.",positive,,,,,,,
I ve done everything to try to fix this and nothing,negative,,,,,,,
introduce the new features like beauty stickers during call zooming in and out,neutral,,,,,,,
"Something changed, can you fix it.",neutral,,,,,,,
P.S. I play from season 2.,neutral,,,,,,,
"I don t like this and I just want to listen to the songs I like, please fix this!",negative,,,,,,,
I will never use this app for WhatsApp messages.,negative,,,,,,,
WAS great actually now it's adding random songs to my playlist that I do not want to listen and also you almost can't do anything because most of the stuff needs premium .,neutral,,,,,,,
I love it but since the update everything is on,positive,,,,,,,
some music that I've been listening for almost 3 years now that ive also downloaded cant be played anymore and with a ! on the song.,neutral,,,,,,,
I liked but it now doesn't entered when I need helplessly without mb.,neutral,,,,,,,
"Being blank makes my eyes tired, put the dark mode.",neutral,,,,,,,
they bounce back the money I sent to someone and deactivate my account for no reason ..,negative,,,,,,,
The new layout is fine but the feature I loved the most is gone :(,positive,,,,,,,
"Give me back my old accuweather , less complicated , & easy to follow information, life is complicated enough .",negative,,,,,,,
What used to be an excellent addition to the  viewing experience being able to look up the live timing when the f1 coverage lets you down.,neutral,,,,,,,
What is helping and how can i let my family and friends see my post,neutral,,,,,,,
"Apparently some local news outlets and local government officials are all using this platform, so it almost seems necessary.",neutral,,,,,,,
This also does not change after closing or reopening the application.,neutral,,,,,,,
"I'm upset about hackers, every 3 games there is a hacker and the truth is that takes away the hope of winning because we know it's obvious who will get the chicken dinner ÃÂÃÂÃÂÃÂÃÂÃÂÃÂÃÂÃÂÃÂÃÂÃÂÃÂÃÂÃÂÃÂÃÂÃÂÃÂÃÂÃÂÃÂÃÂÃÂÃÂÃÂÃÂÃÂÃÂÃÂÃÂÃÂ°ÃÂÃÂÃÂÃÂÃÂÃÂÃÂÃÂÃÂÃÂÃÂÃÂÃÂÃÂÃÂÃÂÃÂÃÂÃÂÃÂÃÂÃÂÃÂÃÂÃÂÃÂÃÂÃÂÃÂÃÂÃÂÃÂÃÂÃÂÃÂÃÂÃÂÃÂÃÂÃÂÃÂÃÂÃÂÃÂÃÂÃÂÃÂÃÂÃÂÃÂÃÂÃÂÃÂÃÂÃÂÃÂÃÂÃÂÃÂÃÂÃÂÃÂÃÂÃÂ¤ÃÂÃÂÃÂÃÂÃÂÃÂÃÂÃÂÃÂÃÂÃÂÃÂÃÂÃÂÃÂÃÂÃÂÃÂÃÂÃÂÃÂÃÂÃÂÃÂÃÂÃÂÃÂÃÂÃÂÃÂÃÂÃÂ· ÃÂÃÂÃÂÃÂÃÂÃÂÃÂÃÂÃÂÃÂÃÂÃÂÃÂÃÂÃÂÃÂÃÂÃÂÃÂÃÂÃÂÃÂÃÂÃÂÃÂÃÂÃÂÃÂÃÂÃÂÃÂÃÂÃÂÃÂÃÂÃÂ¢ÃÂÃÂÃÂÃÂÃÂÃÂÃÂÃÂÃÂÃÂÃÂÃÂÃÂÃÂÃÂÃÂÃÂÃÂÃÂÃÂÃÂÃÂÃÂÃÂÃÂÃÂÃÂÃÂÃÂÃÂÃÂÃÂÃÂÃÂÃÂÃÂÃÂÃÂÃÂÃÂÃÂÃÂÃÂÃÂÃÂÃÂÃÂÃÂÃÂÃÂÃÂÃÂÃÂÃÂÃÂÃÂÃÂÃÂÃÂÃÂÃÂÃÂÃÂÃÂÃÂÃÂÃÂÃÂÃÂÃÂÃÂÃÂÃÂÃÂÃÂÃÂÃÂÃÂÃÂÃÂÃÂÃÂÃÂÃÂÃÂÃÂÃÂÃÂÃÂÃÂÃÂÃÂÃÂÃÂÃÂÃÂ¯ÃÂÃÂÃÂÃÂÃÂÃÂÃÂÃÂÃÂÃÂÃÂÃÂÃÂÃÂÃÂÃÂÃÂÃÂÃÂÃÂÃÂÃÂÃÂÃÂÃÂÃÂÃÂÃÂÃÂÃÂÃÂÃÂ¸ÃÂÃÂÃÂÃÂÃÂÃÂÃÂÃÂÃÂÃÂÃÂÃÂÃÂÃÂÃÂÃÂÃÂÃÂÃÂÃÂÃÂÃÂÃÂÃÂÃÂÃÂÃÂÃÂÃÂÃÂÃÂÃÂ I hope they fix that.",negative,,,,,,,
I am not able to install the application can you please fix it??,negative,,,,,,,
"GPs fail to show properly, drivers are mistaken for finding human",negative,,,,,,,
Does anyone know how to get the 2 messenger pages to combine,neutral,,,,,,,
I was listening to music yesterday and it worked fine but today I turned on a song a it played a random song.,neutral,,,,,,,
I don't see any reason to install!,neutral,,,,,,,
"
The number of hackers there is impressive.",positive,,,,,,,
I love this game this game is very very amazingÃÂÃÂÃÂÃÂÃÂÃÂÃÂÃÂÃÂÃÂÃÂÃÂÃÂÃÂÃÂÃÂÃÂÃÂÃÂÃÂÃÂÃÂÃÂÃÂÃÂÃÂÃÂÃÂÃÂÃÂÃÂÃÂ¢ÃÂÃÂÃÂÃÂÃÂÃÂÃÂÃÂÃÂÃÂÃÂÃÂÃÂÃÂÃÂÃÂÃÂÃÂÃÂÃÂÃÂÃÂÃÂÃÂÃÂÃÂÃÂÃÂÃÂÃÂÃÂÃÂÃÂÃÂÃÂÃÂÃÂÃÂÃÂÃÂÃÂÃÂÃÂÃÂÃÂÃÂÃÂÃÂÃÂÃÂÃÂÃÂÃÂÃÂÃÂÃÂÃÂÃÂÃÂÃÂÃÂÃÂÃÂÃÂ¤ÃÂÃÂÃÂÃÂÃÂÃÂÃÂÃÂÃÂÃÂÃÂÃÂÃÂÃÂÃÂÃÂÃÂÃÂÃÂÃÂÃÂÃÂÃÂÃÂÃÂÃÂÃÂÃÂÃÂÃÂÃÂÃÂ¢ÃÂÃÂÃÂÃÂÃÂÃÂÃÂÃÂÃÂÃÂÃÂÃÂÃÂÃÂÃÂÃÂÃÂÃÂÃÂÃÂÃÂÃÂÃÂÃÂÃÂÃÂÃÂÃÂÃÂÃÂÃÂÃÂÃÂÃÂÃÂÃÂÃÂÃÂÃÂÃÂÃÂÃÂÃÂÃÂÃÂÃÂÃÂÃÂÃÂÃÂÃÂÃÂÃÂÃÂÃÂÃÂÃÂÃÂÃÂÃÂÃÂÃÂÃÂÃÂ¤ÃÂÃÂÃÂÃÂÃÂÃÂÃÂÃÂÃÂÃÂÃÂÃÂÃÂÃÂÃÂÃÂÃÂÃÂÃÂÃÂÃÂÃÂÃÂÃÂÃÂÃÂÃÂÃÂÃÂÃÂÃÂÃÂ¢ÃÂÃÂÃÂÃÂÃÂÃÂÃÂÃÂÃÂÃÂÃÂÃÂÃÂÃÂÃÂÃÂÃÂÃÂÃÂÃÂÃÂÃÂÃÂÃÂÃÂÃÂÃÂÃÂÃÂÃÂÃÂÃÂÃÂÃÂÃÂÃÂÃÂÃÂÃÂÃÂÃÂÃÂÃÂÃÂÃÂÃÂÃÂÃÂÃÂÃÂÃÂÃÂÃÂÃÂÃÂÃÂÃÂÃÂÃÂÃÂÃÂÃÂÃÂÃÂ¤ÃÂÃÂÃÂÃÂÃÂÃÂÃÂÃÂÃÂÃÂÃÂÃÂÃÂÃÂÃÂÃÂÃÂÃÂÃÂÃÂÃÂÃÂÃÂÃÂÃÂÃÂÃÂÃÂÃÂÃÂÃÂÃÂ¢ÃÂÃÂÃÂÃÂÃÂÃÂÃÂÃÂÃÂÃÂÃÂÃÂÃÂÃÂÃÂÃÂÃÂÃÂÃÂÃÂÃÂÃÂÃÂÃÂÃÂÃÂÃÂÃÂÃÂÃÂÃÂÃÂÃÂÃÂÃÂÃÂÃÂÃÂÃÂÃÂÃÂÃÂÃÂÃÂÃÂÃÂÃÂÃÂÃÂÃÂÃÂÃÂÃÂÃÂÃÂÃÂÃÂÃÂÃÂÃÂÃÂÃÂÃÂÃÂ¤ÃÂÃÂÃÂÃÂÃÂÃÂÃÂÃÂÃÂÃÂÃÂÃÂÃÂÃÂÃÂÃÂÃÂÃÂÃÂÃÂÃÂÃÂÃÂÃÂÃÂÃÂÃÂÃÂÃÂÃÂÃÂÃÂ¢ÃÂÃÂÃÂÃÂÃÂÃÂÃÂÃÂÃÂÃÂÃÂÃÂÃÂÃÂÃÂÃÂÃÂÃÂÃÂÃÂÃÂÃÂÃÂÃÂÃÂÃÂÃÂÃÂÃÂÃÂÃÂÃÂÃÂÃÂÃÂÃÂÃÂÃÂÃÂÃÂÃÂÃÂÃÂÃÂÃÂÃÂÃÂÃÂÃÂÃÂÃÂÃÂÃÂÃÂÃÂÃÂÃÂÃÂÃÂÃÂÃÂÃÂÃÂÃÂ¤ÃÂÃÂÃÂÃÂÃÂÃÂÃÂÃÂÃÂÃÂÃÂÃÂÃÂÃÂÃÂÃÂÃÂÃÂÃÂÃÂÃÂÃÂÃÂÃÂÃÂÃÂÃÂÃÂÃÂÃÂÃÂÃÂ¢ÃÂÃÂÃÂÃÂÃÂÃÂÃÂÃÂÃÂÃÂÃÂÃÂÃÂÃÂÃÂÃÂÃÂÃÂÃÂÃÂÃÂÃÂÃÂÃÂÃÂÃÂÃÂÃÂÃÂÃÂÃÂÃÂÃÂÃÂÃÂÃÂÃÂÃÂÃÂÃÂÃÂÃÂÃÂÃÂÃÂÃÂÃÂÃÂÃÂÃÂÃÂÃÂÃÂÃÂÃÂÃÂÃÂÃÂÃÂÃÂÃÂÃÂÃÂÃÂ¤,positive,,,,,,,
The inability of redditers to cooperate in a time of common need has been shockingly blatant.,negative,,,,,,,
Logged in for sixth time and cannot see the vacation theme and my lobster set :(,neutral,,,,,,,
Danish language could be so fat,neutral,,,,,,,
"After the last update, the app on my iPad stops working at all - immediately breaks off after opening.",negative,,,,,,,
My WhatsApp number was banned..without any reason.,negative,,,,,,,
I like the old pubgm.i miss old pubgm.now the game like free fire.ÃÂÃÂÃÂÃÂÃÂÃÂÃÂÃÂÃÂÃÂÃÂÃÂÃÂÃÂÃÂÃÂÃÂÃÂÃÂÃÂÃÂÃÂÃÂÃÂÃÂÃÂÃÂÃÂÃÂÃÂÃÂÃÂ°ÃÂÃÂÃÂÃÂÃÂÃÂÃÂÃÂÃÂÃÂÃÂÃÂÃÂÃÂÃÂÃÂÃÂÃÂÃÂÃÂÃÂÃÂÃÂÃÂÃÂÃÂÃÂÃÂÃÂÃÂÃÂÃÂÃÂÃÂÃÂÃÂÃÂÃÂÃÂÃÂÃÂÃÂÃÂÃÂÃÂÃÂÃÂÃÂÃÂÃÂÃÂÃÂÃÂÃÂÃÂÃÂÃÂÃÂÃÂÃÂÃÂÃÂÃÂÃÂÃÂÃÂÃÂÃÂÃÂÃÂÃÂÃÂÃÂÃÂÃÂÃÂÃÂÃÂÃÂÃÂÃÂÃÂÃÂÃÂÃÂÃÂÃÂÃÂÃÂÃÂÃÂÃÂÃÂÃÂÃÂÃÂ,positive,,,,,,,
"I need my voice chat fixed, but no one helps me.",negative,,,,,,,
Whatsapp always updates in a short period of time,positive,,,,,,,
"According to the other reviews (that I wish I had read), it seems I probably won't be receiving a response nor a refund.",neutral,,,,,,,
At first I thought it was bogus but I literally watched things and people disappear the past few days.,negative,,,,,,,
I made a list I m playing my own list then it opens random songs,neutral,,,,,,,
I reset my password several times it just keeps sending a link to my email and the link that I use in seconds says (This link is expired) and sends another one.,neutral,,,,,,,
It steals your phone data without ur consent.,negative,,,,,,,
The previous one made it possible to view the positions/times of all riders on one screen on iPad.,neutral,,,,,,,
After that I decided to try out Spotify and it is by far the best out there! The features and range of music is so much better than the other apps out there.,positive,,,,,,,
It doesn't play my podcasts on the unplayed episodes first order that it used to.,negative,,,,,,,
Please make this game compatible with iPhone 6 and youll recieve 5 stars! Please make a response too,neutral,,,,,,,
"Got one accepted app said they was 20 mins away waited 15 then cancelled,
2.",neutral,,,,,,,
I don't like a new messenger version.,negative,,,,,,,
This is awesome- I have saved a lot of money and time.,positive,,,,,,,
Facebook Lite has dark mode but this full version doesn't.,negative,,,,,,,
Thanks to God first and the person who created it.,positive,,,,,,,
And then my mom downloaded it when Spotify was deleted on my iPad and yesterday I downloaded it and it is signed up on my iPad.,neutral,,,,,,,
Guys don t play this game it is a cancer !,negative,,,,,,,
Please bring back the skin of the pig on sale: (e.g. the best battle royale,neutral,,,,,,,
